,Age,BMI,Workout_Freq,Avg_Steps,Monthly_Spend,Stress_Level,Sleep_Hours,Diet_Quality
KSOM_Cluster_1,40.21607696,25.95734289,2.083935481,5749.563232,188.8919032,6.197421952,7.25255282,4.608596017
KSOM_Cluster_2,39.63159516,30.20158855,3.629279408,7605.945099,122.9059022,6.179056554,6.613880934,4.219936684
KSOM_Cluster_3,38.87751452,22.73228719,2.395750272,9412.070696,185.9670895,3.854747321,6.753647548,6.506637927
KSOM_Cluster_4,39.99712406,20.33575077,2.592765586,6852.617924,114.1234482,4.713076518,6.245597846,3.785046145